Card, Square 1, Square 2, Square 3, Square 4, Square 5, Square 6, Square 7, Square 8, Square 9, Square 10, Square 11, Square 12, Square 13, Square 14, Square 15, Square 16, Square 17, Square 18, Square 19, Square 20, Square 21, Square 22, Square 23, Square 24
Card 1,Teen Wolf,Dexter,A Simple Favor,Rush Hour,Inside Out,Saltburn,Project Hail Mary,Pretty Little Liars,Squid Game,Glee,Box Trolls,Spiderman,Sam & Cat,Stranger Things,The Story of Tracy Beaker,Gossip Girl,Money Heist,Avatar: The Last Airbender,Wonder Woman,Inception,Up,The Big Bang Theory,Pride & Prejudice,Brooklyn 99
Card 2,Pride & Prejudice,Mamma Mia,Fight Club,Rush Hour,The Substance,Five Nights At Freddy's,Freaky Friday,Game of Thrones,Squid Game,The Muppets Movie,Suicide Squad,Kill Bill,Rio,Iron Man,Deadpool,The Notebook,The Dark Knight,The Hobbit,Star Wars,Gossip Girl,Sinners,The Truman Show,Sam & Cat,Coraline
Card 3,The Lord of The Rings,The Walking Dead,The Devil Wears Prada,Rio,Pride & Prejudice,Fight Club,Gone Girl,Pretty Little Liars,The Story of Tracy Beaker,The Big Bang Theory,Squid Game,Jurassic Park,Spiderman,The Truman Show,Iron Man,Home Alone,The Substance,Dexter,Freaky Friday,The Hunger Games,Inception,Harry Potter,Stranger Things,Deadpool
Card 4,Up,Kill Bill,Spiderman,Pirates of the Caribbean,Wonder Woman,American Psycho,Dexter,Box Trolls,Rick and Morty,Harry Potter,Pitch Perfect,King Kong,Gossip Girl,The Great Gatsby,The Big Bang Theory,Scream,Black Swan,The Office,Teen Wolf,Friends,Jurassic Park,Friday Night Dinner,Wizards of Waverly Place,Bojack Horseman
Card 5,Barbie,Squid Game,Game of Thrones,Breaking Bad,Bojack Horseman,Whiplash,Spiderman,Fight Club,Happy Feet,Kill Bill,The Substance,Glee,Up,Project Hail Mary,Pretty Little Liars,A Simple Favor,Star Wars,La La Land,Five Nights At Freddy's,Rick and Morty,Coraline,Avatar,Iron Man,Friends
Card 6,Brooklyn 99,The Office,Fight Club,The Grand Budapest Hotel,Wizards of Waverly Place,The Dark Knight,The Muppets Movie,Rush Hour,Home Alone,Rick and Morty,The Last of Us,10 Things I Hate About You,Pitch Perfect,Gilmore Girls,Dune,Squid Game,Jurassic Park,Game of Thrones,Box Trolls,The Vampire Diaries,Balamory,Ratatouille,The Story of Tracy Beaker,Iron Man
Card 7,Brooklyn 99,La La Land,Rio,The Grand Budapest Hotel,Grown-Ups,Outer Banks,The Muppets Movie,Saltburn,Wonder Woman,Breaking Bad,Ratatouille,Balamory,Inception,The Princess Diaries,Wizards of Waverly Place,Box Trolls,The Office,Stranger Things,Dune,Happy Feet,Friday Night Dinner,Coraline,King Kong,Barbie
Card 8,Wicked,Grease,Dexter,Sinners,Clueless,The Last of Us,Pirates of the Caribbean,Outer Banks,Gilmore Girls,A Simple Favor,Glee,Kung Fu Panda,Wonder Woman,Friday Night Dinner,Rush Hour,Stranger Things,The Office,Deadpool,Inception,Ratatouille,Toy Story,Rio,Pride & Prejudice,Money Heist
Card 9,The Avengers,A Simple Favor,American Psycho,10 Things I Hate About You,Outer Banks,Black Widow,Twilight,Jurassic Park,Project Hail Mary,The Wolf of Wall Street,The Devil Wears Prada,Game of Thrones,Brooklyn 99,Home Alone,Stranger Things,Happy Feet,Iron Man,Pulp Fiction,Victorious,The Godfather,Rush Hour,The Last of Us,Scream,Rick and Morty
Card 10,Outer Banks,The Hobbit,The Grand Budapest Hotel,Dune,La La Land,Wonder Woman,Glee,Avatar,Friends,Pirates of the Caribbean,Black Widow,Ratatouille,The Lord of The Rings,The Princess Diaries,The Story of Tracy Beaker,Inside Out,Arcane,Gone Girl,10 Things I Hate About You,Up,Deadpool,Pitch Perfect,Pulp Fiction,Scream
Card 11,The Substance,Spiderman,Gone Girl,Kung Fu Panda,Star Wars,Cars,Avatar,Breaking Bad,Deadpool,Inside Out,Glee,Squid Game,American Psycho,The Princess Diaries,Maze Runner,Arcane,Fight Club,Avatar: The Last Airbender,The Office,Rush Hour,King Kong,Five Nights At Freddy's,Home Alone,Toy Story
Card 12,Grease,Twilight,The Vampire Diaries,Dune,The Devil Wears Prada,Rick and Morty,Toy Story,Suicide Squad,The Muppets Movie,Coraline,The Notebook,Scream,Cars,Avatar: The Last Airbender,Gilmore Girls,Pitch Perfect,Fight Club,The Walking Dead,Home Alone,Friends,Outer Banks,Sinners,Ratatouille,King Kong
Card 13,Pulp Fiction,Bojack Horseman,Spiderman,The Hunger Games,American Psycho,Grown-Ups,Gossip Girl,Box Trolls,The Princess Diaries,Black Widow,The Notebook,Fight Club,The Story of Tracy Beaker,Gilmore Girls,Kill Bill,The Last of Us,The Office,Squid Game,Kung Fu Panda,Avatar: The Last Airbender,Victorious,The Walking Dead,Gone Girl,Brooklyn 99
Card 14,Happy Feet,Freaky Friday,Cars,Pride & Prejudice,Pitch Perfect,The Hunger Games,Whiplash,Dexter,Wonder Woman,Stranger Things,The Wolf of Wall Street,The Office,Rio,Sinners,Suicide Squad,The Hobbit,Black Swan,Friday Night Dinner,The Truman Show,Five Nights At Freddy's,Balamory,Saltburn,Maze Runner,King Kong
Card 15,Dexter,Pirates of the Caribbean,The Avengers,Arcane,The Breakfast Club,Mamma Mia,The Grand Budapest Hotel,The Notebook,Maze Runner,The Office,The Lord of The Rings,Home Alone,Happy Feet,Inception,The Walking Dead,The Dark Knight,Saltburn,Barbie,Breaking Bad,Rick and Morty,Pulp Fiction,Squid Game,Legally Blonde,Victorious
Card 16,Stranger Things,Balamory,Sam & Cat,Up,Jurassic Park,Dexter,Wicked,Deadpool,The Vampire Diaries,Avatar: The Last Airbender,The Dark Knight,Spiderman,The Truman Show,Victorious,The Story of Tracy Beaker,10 Things I Hate About You,The Last of Us,Harry Potter,Freaky Friday,La La Land,The Simpsons,Pitch Perfect,The Big Bang Theory,Kung Fu Panda
Card 17,Friends,Breaking Bad,Deadpool,The Vampire Diaries,Up,Toy Story,King Kong,Barbie,Teen Wolf,Star Wars,Coraline,American Psycho,Spiderman,Five Nights At Freddy's,Sam & Cat,Wizards of Waverly Place,Inside Out,Rick and Morty,Clueless,The Walking Dead,Wicked,Rush Hour,Suicide Squad,Bojack Horseman
Card 18,The Great Gatsby,Money Heist,Mamma Mia,Dexter,Home Alone,Arcane,10 Things I Hate About You,Barbie,Kill Bill,Project Hail Mary,Ratatouille,Toy Story,Suicide Squad,Pitch Perfect,Mean Girls,Stranger Things,The Walking Dead,Deadpool,Maze Runner,Iron Man,Wicked,Freaky Friday,The Princess Diaries,Sam & Cat
Card 19,King Kong,Kill Bill,Deadpool,Sinners,Kung Fu Panda,Clueless,The Grand Budapest Hotel,The Avengers,The Hobbit,Gilmore Girls,Legally Blonde,The Breakfast Club,The Godfather,Freaky Friday,Wicked,10 Things I Hate About You,Squid Game,Money Heist,The Wolf of Wall Street,Whiplash,The Lord of The Rings,Pitch Perfect,Teen Wolf,Five Nights At Freddy's
Card 20,The Walking Dead,Sam & Cat,American Psycho,Iron Man,Pirates of the Caribbean,The Truman Show,Cars,The Big Bang Theory,The Princess Diaries,Arcane,Grease,Suicide Squad,Wonder Woman,Project Hail Mary,Whiplash,Clueless,Star Wars,The Great Gatsby,The Substance,Mamma Mia,Fight Club,Saltburn,The Notebook,Pitch Perfect
Card 21,Up,Box Trolls,Rio,Wicked,Sam & Cat,Stranger Things,Kung Fu Panda,Grown-Ups,Legally Blonde,Whiplash,The Avengers,Game of Thrones,The Great Gatsby,The Truman Show,Grease,Pride & Prejudice,La La Land,Iron Man,Teen Wolf,Avatar,Fight Club,Bojack Horseman,Pretty Little Liars,Five Nights At Freddy's
Card 22,Deadpool,The Dark Knight,Gone Girl,Wicked,Pretty Little Liars,Home Alone,Wonder Woman,Grease,Jurassic Park,The Lord of The Rings,Sinners,Mean Girls,The Muppets Movie,Game of Thrones,Suicide Squad,The Simpsons,The Hobbit,The Office,Barbie,Happy Feet,Rio,Legally Blonde,Friends,Freaky Friday
Card 23,The Grand Budapest Hotel,The Story of Tracy Beaker,Teen Wolf,The Truman Show,Happy Feet,Kung Fu Panda,The Walking Dead,Jurassic Park,Balamory,Arcane,The Big Bang Theory,10 Things I Hate About You,Brooklyn 99,Freaky Friday,Saltburn,Toy Story,The Simpsons,The Dark Knight,Cars,The Godfather,Harry Potter,Inception,Legally Blonde,Inside Out
Card 24,Black Widow,Sam & Cat,Happy Feet,Rio,Spiderman,Toy Story,Victorious,Gilmore Girls,The Lord of The Rings,Five Nights At Freddy's,Wizards of Waverly Place,Jurassic Park,Twilight,Grease,Squid Game,The Hobbit,Wicked,Rush Hour,Clueless,Stranger Things,The Office,The Muppets Movie,The Hunger Games,Teen Wolf
Card 25,Barbie,The Lord of The Rings,Pitch Perfect,Spiderman,Game of Thrones,Clueless,Grease,Bojack Horseman,La La Land,Rick and Morty,The Great Gatsby,The Muppets Movie,Dexter,Pirates of the Caribbean,The Wolf of Wall Street,Wicked,Freaky Friday,Wonder Woman,10 Things I Hate About You,Grown-Ups,A Simple Favor,The Office,Avatar,Twilight
Card 26,The Notebook,Mamma Mia,Barbie,Money Heist,Pretty Little Liars,Home Alone,Game of Thrones,Grease,Sinners,Harry Potter,Balamory,The Breakfast Club,The Story of Tracy Beaker,Avatar,La La Land,Fight Club,Black Widow,Dune,Spiderman,Project Hail Mary,Five Nights At Freddy's,Stranger Things,Inside Out,Jurassic Park
Card 27,Toy Story,Sinners,Cars,Arcane,Inside Out,Dexter,Kill Bill,Gossip Girl,Saltburn,Barbie,The Notebook,The Office,The Simpsons,Gone Girl,The Muppets Movie,Mean Girls,Friday Night Dinner,Happy Feet,The Last of Us,Avatar: The Last Airbender,Jurassic Park,The Story of Tracy Beaker,The Breakfast Club,Bojack Horseman
Card 28,Kill Bill,Freaky Friday,Cars,Sam & Cat,Balamory,Rush Hour,Ratatouille,Maze Runner,The Big Bang Theory,Dune,Teen Wolf,Squid Game,Up,Project Hail Mary,Sinners,Pirates of the Caribbean,Glee,Pulp Fiction,Victorious,Wicked,The Avengers,Legally Blonde,Rio,Star Wars
Card 29,Deadpool,Pitch Perfect,Inception,Maze Runner,Glee,Wonder Woman,The Avengers,Box Trolls,Fight Club,Happy Feet,The Notebook,Friends,Rio,The Princess Diaries,Home Alone,Coraline,The Muppets Movie,Victorious,Sam & Cat,The Lord of The Rings,The Office,Mean Girls,Wizards of Waverly Place,Game of Thrones
Card 30,Outer Banks,Glee,The Muppets Movie,The Walking Dead,Cars,Breaking Bad,The Hunger Games,The Godfather,Jurassic Park,The Lord of The Rings,Saltburn,Avatar,Five Nights At Freddy's,The Grand Budapest Hotel,Kill Bill,The Avengers,King Kong,The Truman Show,American Psycho,Wonder Woman,Inside Out,Grown-Ups,La La Land,Dune
Card 31,The Walking Dead,Dune,Sam & Cat,Saltburn,Project Hail Mary,Whiplash,Black Swan,Wonder Woman,10 Things I Hate About You,Pitch Perfect,The Dark Knight,The Lord of The Rings,The Avengers,Coraline,Avatar,Harry Potter,The Vampire Diaries,Clueless,American Psycho,The Big Bang Theory,Cars,Kill Bill,The Office,The Hunger Games
Card 32,Wizards of Waverly Place,Saltburn,A Simple Favor,Bojack Horseman,The Substance,Rush Hour,The Simpsons,The Godfather,Twilight,Avatar: The Last Airbender,Clueless,King Kong,Sinners,The Breakfast Club,Gilmore Girls,The Great Gatsby,Pirates of the Caribbean,Spiderman,10 Things I Hate About You,The Story of Tracy Beaker,The Wolf of Wall Street,Avatar,Game of Thrones,Gossip Girl
Card 33,The Vampire Diaries,Rick and Morty,Spiderman,Deadpool,Happy Feet,Rush Hour,Coraline,Ratatouille,Toy Story,Outer Banks,Suicide Squad,Scream,Up,Twilight,Grease,Teen Wolf,Five Nights At Freddy's,Friday Night Dinner,The Notebook,Dune,The Breakfast Club,Gilmore Girls,Box Trolls,Black Widow
Card 34,Freaky Friday,Whiplash,Wonder Woman,Pretty Little Liars,Balamory,Stranger Things,Dune,Twilight,Money Heist,Mamma Mia,The Dark Knight,Teen Wolf,Happy Feet,10 Things I Hate About You,The Devil Wears Prada,Up,The Substance,The Notebook,Sinners,Gossip Girl,The Princess Diaries,The Simpsons,Deadpool,Gone Girl
Card 35,Victorious,The Walking Dead,Black Swan,Legally Blonde,Pulp Fiction,Inside Out,Balamory,Rio,The Story of Tracy Beaker,Kung Fu Panda,Pretty Little Liars,A Simple Favor,Happy Feet,Cars,Rush Hour,Sam & Cat,Jurassic Park,The Princess Diaries,Grease,Black Widow,Saltburn,The Lord of The Rings,Wonder Woman,Glee
Card 36,Maze Runner,Teen Wolf,The Hunger Games,Toy Story,Happy Feet,Pride & Prejudice,Inside Out,Gilmore Girls,Wizards of Waverly Place,The Story of Tracy Beaker,Pulp Fiction,King Kong,Game of Thrones,Victorious,Legally Blonde,Wonder Woman,Mamma Mia,The Princess Diaries,The Substance,Twilight,Brooklyn 99,Dune,Cars,Rick and Morty
Card 37,Harry Potter,The Princess Diaries,Jurassic Park,The Office,The Notebook,Ratatouille,La La Land,Gilmore Girls,Arcane,The Hobbit,Five Nights At Freddy's,Spiderman,Avatar,The Story of Tracy Beaker,Pride & Prejudice,Home Alone,Brooklyn 99,American Psycho,Sam & Cat,Bojack Horseman,The Wolf of Wall Street,Victorious,Friends,Scream
Card 38,Pulp Fiction,The Big Bang Theory,Suicide Squad,The Breakfast Club,The Dark Knight,Up,Glee,Outer Banks,Wonder Woman,The Substance,Project Hail Mary,The Hobbit,Iron Man,The Story of Tracy Beaker,La La Land,Saltburn,Freaky Friday,Gilmore Girls,Scream,Gossip Girl,Star Wars,The Wolf of Wall Street,Kung Fu Panda,Pitch Perfect
Card 39,10 Things I Hate About You,Gilmore Girls,Fight Club,Dune,Happy Feet,Balamory,Pride & Prejudice,American Psycho,Grown-Ups,Outer Banks,Ratatouille,La La Land,Star Wars,Squid Game,The Notebook,Wicked,Harry Potter,Iron Man,Whiplash,The Devil Wears Prada,Teen Wolf,Dexter,The Substance,Deadpool
Card 40,Black Widow,Avatar: The Last Airbender,The Last of Us,American Psycho,La La Land,Wizards of Waverly Place,Stranger Things,Pirates of the Caribbean,The Simpsons,The Substance,Outer Banks,Iron Man,Pitch Perfect,Friends,Mamma Mia,King Kong,Brooklyn 99,Barbie,Gilmore Girls,The Dark Knight,Pulp Fiction,The Office,Coraline,Friday Night Dinner
Card 41,Victorious,Whiplash,10 Things I Hate About You,Star Wars,Wicked,The Grand Budapest Hotel,American Psycho,Arcane,Sam & Cat,Kill Bill,Harry Potter,Barbie,Fight Club,Maze Runner,Avatar: The Last Airbender,Home Alone,Sinners,Iron Man,The Wolf of Wall Street,Grease,Toy Story,The Devil Wears Prada,Pirates of the Caribbean,Pitch Perfect
Card 42,Wonder Woman,Mean Girls,Gilmore Girls,The Hunger Games,Grease,The Avengers,Pride & Prejudice,Money Heist,The Big Bang Theory,The Great Gatsby,Jurassic Park,Outer Banks,Sinners,Stranger Things,10 Things I Hate About You,King Kong,Kung Fu Panda,Friends,The Truman Show,The Princess Diaries,The Wolf of Wall Street,The Breakfast Club,Wicked,Star Wars
Card 43,Glee,Harry Potter,Coraline,The Office,Freaky Friday,Fight Club,Home Alone,Saltburn,The Walking Dead,Box Trolls,Arcane,Pride & Prejudice,Rush Hour,Sam & Cat,Gone Girl,The Story of Tracy Beaker,Inception,Jurassic Park,The Big Bang Theory,Brooklyn 99,Scream,The Substance,Pitch Perfect,Gilmore Girls
Card 44,Arcane,The Story of Tracy Beaker,Squid Game,10 Things I Hate About You,Project Hail Mary,Dune,Box Trolls,Wicked,Pretty Little Liars,Home Alone,The Avengers,Fight Club,Stranger Things,Barbie,The Big Bang Theory,Harry Potter,Wonder Woman,Whiplash,Wizards of Waverly Place,Inside Out,Game of Thrones,Twilight,Toy Story,Scream
Card 45,Cars,Box Trolls,The Dark Knight,Gone Girl,The Wolf of Wall Street,Wicked,Outer Banks,The Devil Wears Prada,Pitch Perfect,The Notebook,Spiderman,The Vampire Diaries,Squid Game,Project Hail Mary,The Grand Budapest Hotel,Pirates of the Caribbean,The Office,Rick and Morty,Dune,Rush Hour,American Psycho,Iron Man,Avatar: The Last Airbender,The Last of Us
Card 46,King Kong,Barbie,The Muppets Movie,10 Things I Hate About You,The Breakfast Club,Dune,Teen Wolf,Rush Hour,The Devil Wears Prada,La La Land,The Story of Tracy Beaker,Rio,The Office,The Hobbit,Legally Blonde,Wonder Woman,Freaky Friday,Harry Potter,Ratatouille,Cars,Black Swan,Grown-Ups,Toy Story,Inside Out
Card 47,Avatar: The Last Airbender,Sam & Cat,American Psycho,Suicide Squad,Money Heist,The Wolf of Wall Street,Iron Man,Rick and Morty,Friends,Happy Feet,Bojack Horseman,The Dark Knight,10 Things I Hate About You,Five Nights At Freddy's,Jurassic Park,Barbie,Coraline,Whiplash,Gone Girl,Kung Fu Panda,Project Hail Mary,Mamma Mia,Black Swan,Twilight
Card 48,Coraline,Arcane,Balamory,Spiderman,Cars,Brooklyn 99,The Wolf of Wall Street,Game of Thrones,10 Things I Hate About You,The Lord of The Rings,The Devil Wears Prada,Gossip Girl,Harry Potter,The Truman Show,The Last of Us,Scream,Maze Runner,The Walking Dead,The Breakfast Club,Iron Man,Gilmore Girls,The Simpsons,Pitch Perfect,Black Widow
Card 49,The Vampire Diaries,Wonder Woman,Sam & Cat,Friends,Brooklyn 99,Freaky Friday,Dexter,10 Things I Hate About You,Spiderman,Squid Game,The Hunger Games,La La Land,Happy Feet,Avatar,The Hobbit,The Office,Grease,A Simple Favor,Pride & Prejudice,The Dark Knight,Mamma Mia,Black Swan,Rio,Rick and Morty
Card 50,Inside Out,Money Heist,The Muppets Movie,Up,Home Alone,Mean Girls,Coraline,The Last of Us,Rick and Morty,Dexter,Deadpool,Iron Man,The Hobbit,The Avengers,The Truman Show,Avatar: The Last Airbender,Freaky Friday,The Wolf of Wall Street,The Vampire Diaries,Cars,Rio,Five Nights At Freddy's,Fight Club,Black Swan
Card 51,Box Trolls,Squid Game,Happy Feet,Friends,The Hobbit,Rio,The Vampire Diaries,The Avengers,Cars,Inside Out,Iron Man,Glee,Breaking Bad,Pride & Prejudice,Ratatouille,The Dark Knight,Maze Runner,Pirates of the Caribbean,Sinners,Kill Bill,Bojack Horseman,The Last of Us,Victorious,Fight Club
Card 52,Scream,Friday Night Dinner,Fight Club,Kung Fu Panda,Inside Out,Wicked,Rick and Morty,Toy Story,Squid Game,Whiplash,Pretty Little Liars,The Big Bang Theory,A Simple Favor,The Muppets Movie,The Substance,Deadpool,The Vampire Diaries,Freaky Friday,The Story of Tracy Beaker,Rio,Mean Girls,Ratatouille,Stranger Things,Pitch Perfect
Card 53,Avatar: The Last Airbender,Whiplash,Wicked,Pride & Prejudice,Scream,King Kong,The Substance,Project Hail Mary,La La Land,The Muppets Movie,Money Heist,Grown-Ups,Pirates of the Caribbean,Gone Girl,Spiderman,The Great Gatsby,The Story of Tracy Beaker,Freaky Friday,Black Widow,Rush Hour,Friday Night Dinner,Clueless,Mamma Mia,Rio
Card 54,Inception,Pitch Perfect,Money Heist,The Hunger Games,Victorious,Gossip Girl,The Great Gatsby,Friday Night Dinner,Coraline,Friends,Pirates of the Caribbean,The Story of Tracy Beaker,Happy Feet,Avatar: The Last Airbender,Spiderman,The Substance,The Truman Show,Pulp Fiction,Sam & Cat,The Vampire Diaries,The Simpsons,The Dark Knight,Legally Blonde,Pride & Prejudice
Card 55,Mean Girls,Stranger Things,The Godfather,Pirates of the Caribbean,Glee,Saltburn,Home Alone,La La Land,The Muppets Movie,Project Hail Mary,The Story of Tracy Beaker,The Devil Wears Prada,King Kong,Ratatouille,Inception,Kill Bill,The Great Gatsby,Rick and Morty,Teen Wolf,The Lord of The Rings,Black Widow,Avatar: The Last Airbender,Pitch Perfect,Black Swan
Card 56,The Office,Happy Feet,Gossip Girl,Pirates of the Caribbean,Arcane,Balamory,American Psycho,The Godfather,Black Swan,Legally Blonde,Spiderman,Dune,Wonder Woman,Breaking Bad,Kung Fu Panda,The Wolf of Wall Street,Squid Game,Pride & Prejudice,Friday Night Dinner,Grown-Ups,Jurassic Park,The Walking Dead,The Simpsons,Project Hail Mary
Card 57,Coraline,Box Trolls,The Hobbit,Rio,Project Hail Mary,Kill Bill,Freaky Friday,Legally Blonde,Arcane,Pride & Prejudice,Money Heist,The Devil Wears Prada,Kung Fu Panda,King Kong,Glee,Five Nights At Freddy's,The Last of Us,Outer Banks,Stranger Things,Sam & Cat,The Dark Knight,Maze Runner,Wonder Woman,The Breakfast Club
Card 58,Jurassic Park,Freaky Friday,Barbie,Game of Thrones,Five Nights At Freddy's,American Psycho,Rio,Gone Girl,Mamma Mia,Sinners,The Substance,Pride & Prejudice,Victorious,Coraline,Gossip Girl,Breaking Bad,Fight Club,Dexter,The Notebook,Inception,The Lord of The Rings,Avatar,Box Trolls,The Simpsons
Card 59,Pirates of the Caribbean,Suicide Squad,Avatar,Pitch Perfect,Clueless,The Wolf of Wall Street,Happy Feet,A Simple Favor,The Godfather,Scream,Grease,Toy Story,Teen Wolf,Inside Out,Fight Club,Twilight,American Psycho,Home Alone,King Kong,Kung Fu Panda,The Walking Dead,Harry Potter,Cars,Wonder Woman
Card 60,Bojack Horseman,The Princess Diaries,The Devil Wears Prada,Friends,Pitch Perfect,The Walking Dead,Up,Glee,The Substance,Mean Girls,The Last of Us,Cars,Box Trolls,A Simple Favor,The Simpsons,The Truman Show,Brooklyn 99,Pride & Prejudice,Grown-Ups,Kill Bill,Victorious,The Hobbit,The Big Bang Theory,Outer Banks
Card 61,Black Swan,La La Land,Money Heist,Maze Runner,The Last of Us,Kung Fu Panda,Kill Bill,Breaking Bad,Suicide Squad,Glee,Iron Man,The Grand Budapest Hotel,Pretty Little Liars,Harry Potter,The Muppets Movie,Pulp Fiction,The Breakfast Club,Wizards of Waverly Place,The Hunger Games,Gossip Girl,Toy Story,The Walking Dead,Victorious,Grease
Card 62,Outer Banks,Spiderman,Wicked,Game of Thrones,The Dark Knight,Sinners,Inside Out,Happy Feet,The Godfather,Ratatouille,Teen Wolf,Dexter,Black Swan,Rush Hour,Money Heist,The Walking Dead,Legally Blonde,Bojack Horseman,Gossip Girl,Arcane,The Wolf of Wall Street,Twilight,Mean Girls,Barbie
Card 63,Sam & Cat,Inside Out,Twilight,Black Widow,Freaky Friday,Gone Girl,Wicked,Balamory,Squid Game,Project Hail Mary,Jurassic Park,The Story of Tracy Beaker,The Big Bang Theory,The Godfather,Teen Wolf,Mamma Mia,Friday Night Dinner,Scream,The Office,Outer Banks,Cars,Game of Thrones,The Muppets Movie,Pitch Perfect
Card 64,Deadpool,Barbie,Pulp Fiction,Black Swan,The Great Gatsby,Inside Out,Black Widow,The Substance,Spiderman,Friends,A Simple Favor,La La Land,Suicide Squad,The Lord of The Rings,The Big Bang Theory,Project Hail Mary,Dexter,The Vampire Diaries,Toy Story,Kung Fu Panda,Grown-Ups,Money Heist,Kill Bill,Harry Potter
Card 65,Inside Out,Toy Story,Kill Bill,Five Nights At Freddy's,Saltburn,Gilmore Girls,The Walking Dead,Star Wars,Pirates of the Caribbean,King Kong,Harry Potter,Brooklyn 99,Happy Feet,Friends,Box Trolls,The Notebook,Avatar,The Grand Budapest Hotel,The Vampire Diaries,Wicked,The Truman Show,Outer Banks,The Simpsons,Inception
Card 66,Gossip Girl,Cars,Squid Game,Suicide Squad,Maze Runner,Happy Feet,Black Swan,Game of Thrones,Coraline,The Wolf of Wall Street,Gilmore Girls,Avatar,Legally Blonde,Grown-Ups,A Simple Favor,King Kong,Money Heist,10 Things I Hate About You,Brooklyn 99,Dexter,The Substance,Star Wars,Pretty Little Liars,Kung Fu Panda
Card 67,The Walking Dead,Friday Night Dinner,Glee,Inception,Black Swan,Spiderman,Friends,Iron Man,Five Nights At Freddy's,Wicked,Pitch Perfect,The Avengers,Squid Game,Scream,Wizards of Waverly Place,Gilmore Girls,Brooklyn 99,Avatar,Twilight,Freaky Friday,Mamma Mia,Pirates of the Caribbean,Money Heist,Bojack Horseman
Card 68,A Simple Favor,Maze Runner,The Story of Tracy Beaker,10 Things I Hate About You,Home Alone,Rick and Morty,Dexter,Wizards of Waverly Place,Iron Man,The Devil Wears Prada,Star Wars,Grease,Fight Club,The Wolf of Wall Street,The Lord of The Rings,La La Land,Harry Potter,Deadpool,Mamma Mia,Bojack Horseman,The Avengers,Black Swan,Cars,Barbie
Card 69,Mean Girls,Friday Night Dinner,Glee,The Simpsons,Grease,The Dark Knight,Freaky Friday,Sinners,Teen Wolf,Mamma Mia,The Lord of The Rings,Inside Out,Spiderman,Star Wars,The Notebook,Squid Game,Coraline,Fight Club,Home Alone,Gilmore Girls,Balamory,The Great Gatsby,The Princess Diaries,Pitch Perfect
Card 70,The Truman Show,Five Nights At Freddy's,Sinners,The Hobbit,Avatar: The Last Airbender,Clueless,Wizards of Waverly Place,Victorious,Dexter,Grease,Money Heist,Bojack Horseman,Gone Girl,Sam & Cat,Project Hail Mary,A Simple Favor,Mamma Mia,Black Widow,The Notebook,Kill Bill,The Last of Us,Spiderman,Pitch Perfect,Rush Hour
Card 71,Pirates of the Caribbean,Cars,The Devil Wears Prada,Breaking Bad,The Hunger Games,The Princess Diaries,The Avengers,Barbie,10 Things I Hate About You,The Vampire Diaries,Gone Girl,Stranger Things,Black Swan,Legally Blonde,Dune,Avatar: The Last Airbender,Black Widow,The Big Bang Theory,Clueless,Wizards of Waverly Place,Deadpool,Gossip Girl,Star Wars,Wicked
Card 72,Suicide Squad,Outer Banks,Avatar,Box Trolls,Twilight,The Vampire Diaries,Gilmore Girls,The Devil Wears Prada,Mean Girls,Five Nights At Freddy's,Spiderman,Star Wars,Sinners,The Wolf of Wall Street,Pitch Perfect,Barbie,Wonder Woman,Legally Blonde,The Lord of The Rings,The Notebook,Project Hail Mary,Bojack Horseman,Cars,Harry Potter
Card 73,The Substance,A Simple Favor,Friends,Barbie,Jurassic Park,Rio,Deadpool,Inception,Project Hail Mary,Grease,The Princess Diaries,The Big Bang Theory,Glee,Five Nights At Freddy's,Sinners,Victorious,Saltburn,Fight Club,Black Swan,Dune,Mamma Mia,Maze Runner,Mean Girls,Spiderman
Card 74,Grown-Ups,The Truman Show,Spiderman,Money Heist,Avatar: The Last Airbender,The Last of Us,Coraline,Black Widow,Bojack Horseman,The Godfather,Sam & Cat,A Simple Favor,Friends,Whiplash,Happy Feet,Box Trolls,Cars,The Substance,Fight Club,Iron Man,Mamma Mia,The Hunger Games,Suicide Squad,Wonder Woman
Card 75,Victorious,The Hunger Games,The Notebook,The Hobbit,Pulp Fiction,The Devil Wears Prada,Friday Night Dinner,The Muppets Movie,Legally Blonde,Gilmore Girls,The Grand Budapest Hotel,King Kong,Inside Out,Toy Story,Grease,Outer Banks,Twilight,Coraline,Mamma Mia,The Dark Knight,Gossip Girl,Friends,Project Hail Mary,Gone Girl
Card 76,The Hunger Games,The Last of Us,Friends,Five Nights At Freddy's,Kung Fu Panda,King Kong,Sinners,Gilmore Girls,Avatar: The Last Airbender,Black Widow,La La Land,Legally Blonde,Rio,Deadpool,The Breakfast Club,Dexter,The Big Bang Theory,Stranger Things,Whiplash,Pride & Prejudice,The Notebook,Twilight,The Princess Diaries,Mamma Mia
Card 77,Stranger Things,Glee,Wicked,Teen Wolf,Inception,Jurassic Park,Bojack Horseman,The Office,The Godfather,Gilmore Girls,Home Alone,Friends,Legally Blonde,Pretty Little Liars,Spiderman,Project Hail Mary,The Devil Wears Prada,Victorious,The Substance,The Walking Dead,Rio,Inside Out,The Dark Knight,Kill Bill
Card 78,Arcane,Pretty Little Liars,Black Widow,Legally Blonde,Spiderman,La La Land,American Psycho,Dune,Balamory,The Muppets Movie,Barbie,Scream,The Breakfast Club,Pulp Fiction,The Godfather,The Dark Knight,Jurassic Park,The Substance,Outer Banks,Harry Potter,Friends,Pitch Perfect,The Vampire Diaries,Deadpool
Card 79,Harry Potter,The Truman Show,Breaking Bad,Victorious,Up,The Dark Knight,Pulp Fiction,Game of Thrones,Five Nights At Freddy's,Black Widow,Black Swan,Friday Night Dinner,Avatar,Legally Blonde,Maze Runner,Deadpool,Arcane,The Substance,Pirates of the Caribbean,Money Heist,The Notebook,Gilmore Girls,Bojack Horseman,Kung Fu Panda
Card 80,Toy Story,The Hobbit,Avatar,Outer Banks,Jurassic Park,Wonder Woman,Balamory,Arcane,The Lord of The Rings,A Simple Favor,Inception,Sinners,Fight Club,The Substance,Sam & Cat,Cars,Wicked,Gilmore Girls,Rio,La La Land,The Big Bang Theory,Squid Game,The Simpsons,Gone Girl
Card 81,The Muppets Movie,Breaking Bad,Freaky Friday,Teen Wolf,Kung Fu Panda,Home Alone,La La Land,Dexter,Fight Club,The Wolf of Wall Street,King Kong,Clueless,The Great Gatsby,The Simpsons,Gilmore Girls,The Lord of The Rings,Friday Night Dinner,The Breakfast Club,Balamory,Iron Man,Suicide Squad,Rio,Saltburn,The Hunger Games
Card 82,Scream,The Lord of The Rings,Iron Man,Legally Blonde,Black Swan,Teen Wolf,Breaking Bad,The Truman Show,Bojack Horseman,Stranger Things,Sam & Cat,10 Things I Hate About You,The Wolf of Wall Street,Money Heist,The Princess Diaries,Kung Fu Panda,Harry Potter,The Hunger Games,Gone Girl,Wicked,The Substance,Jurassic Park,Freaky Friday,Mamma Mia
Card 83,Balamory,Wonder Woman,Pirates of the Caribbean,The Wolf of Wall Street,The Hunger Games,Mamma Mia,Grown-Ups,Game of Thrones,Sinners,The Office,Rio,Friends,Teen Wolf,Victorious,Dexter,Barbie,Deadpool,Coraline,Spiderman,The Avengers,Harry Potter,Avatar,Pretty Little Liars,The Simpsons
Card 84,Ratatouille,Gossip Girl,The Hunger Games,King Kong,Pride & Prejudice,Jurassic Park,Black Swan,The Vampire Diaries,Friday Night Dinner,Glee,Inside Out,The Last of Us,The Wolf of Wall Street,The Godfather,Maze Runner,Friends,Mean Girls,Sinners,Dune,The Simpsons,The Grand Budapest Hotel,Toy Story,Project Hail Mary,The Notebook
Card 85,Project Hail Mary,Toy Story,Twilight,The Great Gatsby,The Truman Show,Friends,Gossip Girl,Pride & Prejudice,Up,The Notebook,Jurassic Park,Kill Bill,Breaking Bad,Home Alone,Squid Game,Dune,Rick and Morty,Wicked,Pirates of the Caribbean,Kung Fu Panda,Maze Runner,Grown-Ups,Arcane,Game of Thrones
Card 86,The Simpsons,Ratatouille,Home Alone,The Hobbit,Friday Night Dinner,The Breakfast Club,Sam & Cat,Brooklyn 99,Outer Banks,Coraline,The Truman Show,The Muppets Movie,The Godfather,The Vampire Diaries,Pulp Fiction,Spiderman,Freaky Friday,The Walking Dead,American Psycho,The Hunger Games,Wicked,Five Nights At Freddy's,Twilight,Pitch Perfect
Card 87,Bojack Horseman,Squid Game,The Hobbit,Mean Girls,Star Wars,Arcane,Whiplash,Avatar,Happy Feet,Dune,Home Alone,Outer Banks,King Kong,The Last of Us,Saltburn,Dexter,Deadpool,Rio,The Simpsons,The Muppets Movie,Ratatouille,The Grand Budapest Hotel,Inside Out,Wizards of Waverly Place
Card 88,Gilmore Girls,Squid Game,Wicked,The Notebook,Maze Runner,Project Hail Mary,Five Nights At Freddy's,Harry Potter,Rio,Mamma Mia,Pride & Prejudice,King Kong,The Last of Us,Rick and Morty,A Simple Favor,The Hobbit,The Wolf of Wall Street,Fight Club,Friday Night Dinner,The Vampire Diaries,The Walking Dead,La La Land,The Grand Budapest Hotel,Legally Blonde
Card 89,Inception,The Princess Diaries,Star Wars,Money Heist,Barbie,Arcane,Up,Game of Thrones,Iron Man,The Avengers,The Muppets Movie,Cars,Coraline,Kung Fu Panda,The Office,Avatar: The Last Airbender,The Godfather,The Great Gatsby,Project Hail Mary,Rick and Morty,Grown-Ups,The Lord of The Rings,Twilight,Glee
Card 90,Pride & Prejudice,Friends,The Walking Dead,Up,Balamory,Happy Feet,Friday Night Dinner,Project Hail Mary,Outer Banks,Rush Hour,Harry Potter,Grown-Ups,Rick and Morty,Barbie,The Muppets Movie,Pulp Fiction,Wizards of Waverly Place,The Vampire Diaries,Dune,The Dark Knight,The Breakfast Club,Freaky Friday,Suicide Squad,Star Wars
Card 91,Wicked,Wonder Woman,The Story of Tracy Beaker,Inside Out,Gone Girl,Kung Fu Panda,Coraline,Black Swan,The Notebook,The Hobbit,Box Trolls,The Princess Diaries,Avatar,Black Widow,Legally Blonde,The Lord of The Rings,The Grand Budapest Hotel,Freaky Friday,Gilmore Girls,Clueless,Mean Girls,King Kong,Suicide Squad,Brooklyn 99
Card 92,Maze Runner,Kill Bill,Money Heist,Breaking Bad,Legally Blonde,The Devil Wears Prada,Inside Out,Inception,Pirates of the Caribbean,Cars,Pride & Prejudice,Avatar: The Last Airbender,Barbie,The Lord of The Rings,The Big Bang Theory,Teen Wolf,Mamma Mia,Outer Banks,Gone Girl,Balamory,The Story of Tracy Beaker,Rush Hour,Gilmore Girls,Mean Girls
Card 93,Wizards of Waverly Place,Squid Game,Five Nights At Freddy's,Pirates of the Caribbean,Project Hail Mary,Brooklyn 99,King Kong,Box Trolls,Glee,Outer Banks,The Vampire Diaries,Kill Bill,The Simpsons,The Office,The Hobbit,Inside Out,Pitch Perfect,Coraline,The Avengers,Gilmore Girls,Ratatouille,Pride & Prejudice,Home Alone,Stranger Things
Card 94,Game of Thrones,Iron Man,Up,Twilight,Happy Feet,Harry Potter,Pirates of the Caribbean,The Simpsons,The Great Gatsby,King Kong,Rush Hour,Teen Wolf,Gossip Girl,Clueless,Spiderman,Jurassic Park,Scream,10 Things I Hate About You,The Breakfast Club,Cars,The Dark Knight,Mamma Mia,Friday Night Dinner,Five Nights At Freddy's
Card 95,The Lord of The Rings,Deadpool,The Hunger Games,Pitch Perfect,The Great Gatsby,The Princess Diaries,Saltburn,Happy Feet,Jurassic Park,The Truman Show,Box Trolls,Freaky Friday,The Devil Wears Prada,Suicide Squad,Inception,The Office,Wicked,Toy Story,King Kong,The Last of Us,Iron Man,The Notebook,Stranger Things,Rio
Card 96,Friday Night Dinner,The Breakfast Club,Bojack Horseman,Spiderman,10 Things I Hate About You,Money Heist,Whiplash,Mamma Mia,The Muppets Movie,Black Swan,Arcane,Gone Girl,La La Land,Box Trolls,American Psycho,Legally Blonde,Rick and Morty,Stranger Things,Home Alone,Pulp Fiction,Ratatouille,The Wolf of Wall Street,Avatar,The Devil Wears Prada
Card 97,Grease,The Wolf of Wall Street,Gilmore Girls,Inside Out,Sinners,Ratatouille,Deadpool,Iron Man,Friends,Spiderman,A Simple Favor,Squid Game,Rio,La La Land,The Hunger Games,Game of Thrones,The Avengers,Star Wars,King Kong,Rick and Morty,Up,The Simpsons,Arcane,The Big Bang Theory
Card 98,Home Alone,Legally Blonde,Maze Runner,Fight Club,Pride & Prejudice,The Great Gatsby,Spiderman,Outer Banks,Kung Fu Panda,Brooklyn 99,The Story of Tracy Beaker,Pitch Perfect,The Devil Wears Prada,Whiplash,The Truman Show,The Muppets Movie,The Breakfast Club,The Wolf of Wall Street,The Princess Diaries,Black Swan,Barbie,Arcane,Gossip Girl,The Lord of The Rings
Card 99,Squid Game,The Devil Wears Prada,Up,Wicked,Kill Bill,Grown-Ups,Stranger Things,Kung Fu Panda,Inside Out,Grease,Cars,Black Widow,American Psycho,A Simple Favor,Happy Feet,The Hunger Games,Twilight,Suicide Squad,Fight Club,Whiplash,Spiderman,Victorious,Gone Girl,The Grand Budapest Hotel
Card 100,Avatar,The Wolf of Wall Street,Victorious,Jurassic Park,Money Heist,Rush Hour,The Princess Diaries,Glee,Breaking Bad,Wicked,Clueless,Sinners,The Muppets Movie,Pirates of the Caribbean,Pulp Fiction,Friends,The Avengers,Deadpool,Balamory,Game of Thrones,La La Land,The Notebook,Pretty Little Liars,Up
